name,party,state,constituency_elected,consituency_vote_perc,twitter_handle,birth_year
Michael von Abercron,CDU,Schleswig-Holstein,Pinneberg,39.7 %[2],@mvabercron,1952
Doris Achelwilm,The Left,Bremen,NA,NA,@DorisAchelwilm,1976
Grigorios Aggelidis,FDP,Lower Saxony,NA,NA,@aggelidis_g,1965
Gökay Akbulut,The Left,Baden-Württemberg,NA,NA,@AkbulutGokay,1982
Stephan Albani,CDU,Lower Saxony,NA,NA,NA,1968
Renata Alt,FDP,Baden-Württemberg,NA,NA,@RenataAlt_MdB,1965
Norbert Altenkamp,CDU,Hesse,Main-Taunus,41.9 %[9],@NAltenkamp,1972
Peter Altmaier,CDU,Saarland,Saarlouis,38.0 %[11],@peteraltmaier,1958
Philipp Amthor,CDU,Mecklenburg-Vorpommern,Mecklenburgische Seenplatte I – Vorpommern-Greifswald II,31.2 %[13],@Philipp_Amthor,1992
Luise Amtsberg,Greens,Schleswig-Holstein,NA,NA,NA,1984
Niels Annen,SPD,Hamburg,Hamburg-Eimsbüttel,31.6 %[16],@NielsAnnen,1973
Ingrid Arndt-Brauer,SPD,North Rhine-Westphalia,NA,NA,NA,1961
Christine Aschenberg-Dugnus,FDP,Schleswig-Holstein,NA,NA,@cad59,1959
Artur Auernhammer,CSU,Bavaria,Ansbach,44.3 %[20],NA,1963
Peter Aumer,CSU,Bavaria,Regensburg,40.1 %[22],@PeterAumer,1976
Bela Bach,SPD,Bavaria,NA,NA,@bela_bach,1990
Lisa Badum,Greens,Bavaria,NA,NA,@badulrichmartha,1983
Heike Baehrens,SPD,Baden-Württemberg,NA,NA,NA,1955
Annalena Baerbock,Greens,Brandenburg,NA,NA,@ABaerbock,1980
Ulrike Bahr,SPD,Bavaria,NA,NA,@MdB_Ulrike_Bahr,1964
Dorothee Bär,CSU,Bavaria,Bad Kissingen,51.1 %[29],@DoroBaer,1978
Nezahat Baradari,SPD,North Rhine-Westphalia,NA,NA,@NBaradari,1965
Thomas Bareiß,CDU,Baden-Württemberg,Zollernalb – Sigmaringen,45.0 %[33],@Thomas_Bareiss,1975
Doris Barnett,SPD,Rhineland-Palatinate,NA,NA,NA,1953
Simone Barrientos,The Left,Bavaria,NA,NA,@SBarrientosK,1963
Norbert Barthle,CDU,Baden-Württemberg,Backnang – Schwäbisch Gmünd,41.2 %[37],NA,1952
Matthias Bartke,SPD,Hamburg,Hamburg-Altona,28.9 %[39],NA,1959
Sören Bartol,SPD,Hesse,Marburg,35.7 %[41],@soerenbartol,1974
Dietmar Bartsch,The Left,Mecklenburg-Vorpommern,NA,NA,@DietmarBartsch,1958
Bärbel Bas,SPD,North Rhine-Westphalia,Duisburg I,38.3 %[44],@baerbelbas,1968
Nicole Bauer,FDP,Bavaria,NA,NA,@nicole_ae_bauer,1987
Bernd Baumann,AfD,Hamburg,NA,NA,@BerndBaumannAfD,1958
Margarete Bause,Greens,Bavaria,NA,NA,@MargareteBause,1959
Canan Bayram,Greens,Berlin,Berlin-Friedrichshain – Kreuzberg – Prenzlauer Berg Ost,26.3 %[49],@LieblingXhain,1966
Jens Beeck,FDP,Lower Saxony,NA,NA,@jensbeeck,1969
Olaf in der Beek,FDP,North Rhine-Westphalia,NA,NA,@olafinderbeek,1967
Maik Beermann,CDU,Lower Saxony,Nienburg II – Schaumburg,40.6 %[53],@MaikBeermann,1981
Manfred Behrens,CDU,Saxony-Anhalt,Börde – Jerichower Land,37.8 %[55],@Manfredbehrens,1956
Veronika Bellmann,CDU,Saxony,Mittelsachsen,32.4 %[57],NA,1960
Sybille Benning,CDU,North Rhine-Westphalia,Münster,37.2 %[59],@SybilleBenning,1961
André Berghegger,CDU,Lower Saxony,Osnabrück-Land,45.6 %[61],NA,1972
Marc Bernhard,AfD,Baden-Württemberg,NA,NA,@MarcBernhardAfD,1972
Melanie Bernstein,CDU,Schleswig-Holstein,Plön – Neumünster,40.7 %[64],NA,1976
Christoph Bernstiel,CDU,Saxony-Anhalt,Halle,27.1 %[66],@c_bernstiel,1984
Lorenz Gösta Beutin,The Left,Schleswig-Holstein,NA,NA,@lgbeutin,1978
Peter Beyer,CDU,North Rhine-Westphalia,Mettmann II,39.3 %[69],@Peter_Beyer,1970
Marc Biadacz,CDU,Baden-Württemberg,Böblingen,38.8 %[71],@MBiadaczMdB,1979
Steffen Bilger,CDU,Baden-Württemberg,Ludwigsburg,38.3 %[73],@SteffenBilger,1979
Lothar Binding,SPD,Baden-Württemberg,NA,NA,@Lothar_Binding,1950
Matthias W. Birkwald,The Left,North Rhine-Westphalia,NA,NA,@MWBirkwald,1961
Andreas Bleck,AfD,Rhineland-Palatinate,NA,NA,@andreasbleckmdb,1988
Peter Bleser,CDU,Rhineland-Palatinate,Mosel/Rhein-Hunsrück,44.1 %[78],NA,1952
Heidrun Bluhm,The Left,Mecklenburg-Vorpommern,NA,NA,NA,1958
Peter Boehringer,AfD,Bavaria,NA,NA,@PeterBoehringer,1969
Norbert Brackmann,CDU,Schleswig-Holstein,Herzogtum Lauenburg – Stormarn-Süd,39.5 %[82],NA,1954
Michael Brand,CDU,Hesse,Fulda,45.2 %[84],NA,1973
Jens Brandenburg,FDP,Baden-Württemberg,NA,NA,@JBrandenburgFDP,1986
Mario Brandenburg,FDP,Rhineland-Palatinate,NA,NA,@BraFDP,1983
Reinhard Brandl,CSU,Bavaria,Ingolstadt,49.5 %[88],@reinhardbrandl,1977
Stephan Brandner,AfD,Thuringia,NA,NA,@StBrandner,1966
Michel Brandt,The Left,Baden-Württemberg,NA,NA,@michel_brandt_,1990
Franziska Brantner,Greens,Baden-Württemberg,NA,NA,@fbrantner,1979
Helge Braun,CDU,Hesse,Gießen,35.1 %[93],@HBraun,1972
Jürgen Braun,AfD,Baden-Württemberg,NA,NA,@JuergenBraunAfD,1961
Eberhard Brecht,SPD,Saxony-Anhalt,NA,NA,NA,1950
Silvia Breher,CDU,Lower Saxony,Cloppenburg – Vechta,57.7 %[97],@BreherSilvia,1973
Sebastian Brehm,CSU,Bavaria,Nuremberg North,31.3 %[99],@Brehm_inNBGNord,1971
Heike Brehmer,CDU,Saxony-Anhalt,Harz,36.4 %[101],@HeikeBrehmerMdB,1962
Leni Breymaier,SPD,Baden-Württemberg,NA,NA,@LeniBreymaier,1960
Ralph Brinkhaus,CDU,North Rhine-Westphalia,Gütersloh I,46.6 %[104],@rbrinkhaus,1968
Carsten Brodesser,CDU,North Rhine-Westphalia,Oberbergischer Kreis,43.7 %[106],NA,1967
Agnieszka Brugger,Greens,Baden-Württemberg,NA,NA,@agnieszka_mdb,1985
Karl-Heinz Brunner,SPD,Bavaria,NA,NA,@BrunnerGanzOhr,1953
Sandra Bubendorfer-Licht,FDP,Bavaria,NA,NA,@Bubendorferfdp,1969
Christine Buchholz,The Left,Hesse,NA,NA,@ch_buchholz,1971
Katrin Budde,SPD,Saxony-Anhalt,NA,NA,NA,1965
Marcus Bühl,AfD,Thuringia,NA,NA,@Marcus_Buehl,1977
Birke Bull-Bischoff,The Left,Saxony-Anhalt,NA,NA,@Birke_Bull,1963
Marco Bülow,Die PARTEI (ex-SPD),North Rhine-Westphalia,Dortmund I,38.8 %[115],@marcobuelow,1971
Marco Buschmann,FDP,North Rhine-Westphalia,NA,NA,@MarcoBuschmann,1977
Karlheinz Busen,FDP,North Rhine-Westphalia,NA,NA,@busen_mdb,1951
Matthias Büttner,AfD,Saxony-Anhalt,NA,NA,@Buettner_SDL,1990
Petr Bystron,AfD,Bavaria,NA,NA,@PetrBystronAfD,1972
Lars Castellucci,SPD,Baden-Württemberg,NA,NA,@larscastellucci,1974
Jörg Cezanne,The Left,Hesse,NA,NA,@joerg_cezanne,1958
Anna Christmann,Greens,Baden-Württemberg,NA,NA,@annachristmann,1983
Tino Chrupalla,AfD,Saxony,Görlitz,32.4 %[124],@Tino_Chrupalla,1975
Gitta Connemann,CDU,Lower Saxony,Unterems,50.0 %[126],@gitta_connemann,1964
Joana Cotar,AfD,Hesse,NA,NA,@JoanaCotar,1973
Carl-Julius Cronenberg,FDP,North Rhine-Westphalia,NA,NA,@cjcronenberg,1962
Gottfried Curio,AfD,Berlin,NA,NA,@GottfriedCurio,1960
Sevim Dağdelen,The Left,North Rhine-Westphalia,NA,NA,@SevimDagdelen,1975
Bernhard Daldrup,SPD,North Rhine-Westphalia,NA,NA,@BernhardDaldrup,1956
Astrid Damerow,CDU,Schleswig-Holstein,Nordfriesland – Dithmarschen Nord,45.1 %[133],NA,1958
Britta Dassler,FDP,Bavaria,NA,NA,@BrittaDassler,1964
Diether Dehm,The Left,Lower Saxony,NA,NA,@Diether_Dehm,1950
Ekin Deligöz,Greens,Bavaria,NA,NA,@ekindeligoez,1971
Karamba Diaby,SPD,Saxony-Anhalt,NA,NA,@KarambaDiaby,1961
Esther Dilcher,SPD,Hesse,Waldeck,35.1 %[139],@EstherDilcher,1965
Sabine Dittmar,SPD,Bavaria,NA,NA,@dittmarsabine,1964
Bijan Djir-Sarai,FDP,North Rhine-Westphalia,NA,NA,@DjirSarai,1976
Alexander Dobrindt,CSU,Bavaria,Weilheim,47.9 %[143],NA,1970
Anke Domscheit-Berg,The Left,Brandenburg,NA,NA,@anked,1968
Michael Donth,CDU,Baden-Württemberg,Reutlingen,40.8 %[146],NA,1967
Katja Dörner,Greens,North Rhine-Westphalia,NA,NA,@katjadoerner,1976
Marie-Luise Dött,CDU,North Rhine-Westphalia,NA,NA,NA,1953
Siegbert Droese,AfD,Saxony,NA,NA,@SiegbertDroese,1969
Katharina Dröge,Greens,North Rhine-Westphalia,NA,NA,@katdro,1984
Christian Dürr,FDP,Lower Saxony,NA,NA,@christianduerr,1977
Hansjörg Durz,CSU,Bavaria,Augsburg-Land,47.8 %[153],@Hansjoerg_Durz,1971
Hartmut Ebbing,FDP,Berlin,NA,NA,@HartmutEbbing,1956
Harald Ebner,Greens,Baden-Württemberg,NA,NA,@ebner_sha,1964
Thomas Ehrhorn,AfD,Lower Saxony,NA,NA,@Thomas_Ehrhorn,1959
Berengar Elsner von Gronow,AfD,North Rhine-Westphalia,NA,NA,@ElsnervonGronow,1978
Marcel Emmerich,Greens,Baden-Württemberg,NA,NA,@herr_emmerich,1991
Thomas Erndl,CSU,Bavaria,Deggendorf,44.1 %[160],@TErndl,1974
Klaus Ernst,The Left,Bavaria,NA,NA,@ernst_klaus,1954
Wiebke Esdar,SPD,North Rhine-Westphalia,Bielefeld – Gütersloh II,33.2 %[163],@wiebkeesdar1,1984
Saskia Esken,SPD,Baden-Württemberg,NA,NA,@EskenSaskia,1961
Michael Espendiller,AfD,North Rhine-Westphalia,NA,NA,@DrMEspendiller,1989
Marcus Faber,FDP,Saxony-Anhalt,NA,NA,@MarcusFaber,1984
Yasmin Fahimi,SPD,Lower Saxony,Stadt Hannover II,33.7 %[168],@FahimiYasmin,1967
Hermann Färber,CDU,Baden-Württemberg,Göppingen,37.6 %[170],NA,1963
Johannes Fechner,SPD,Baden-Württemberg,NA,NA,@FechnerJohannes,1972
Uwe Feiler,CDU,Brandenburg,Oberhavel – Havelland II,29.9 %[173],@UweFe,1965
Fritz Felgentreu,SPD,Berlin,Berlin-Neukölln,26.8 %[175],@fritzfelgentreu,1968
Peter Felser,AfD,Bavaria,NA,NA,@PeterFelser,1969
Enak Ferlemann,CDU,Lower Saxony,Cuxhaven – Stade II,42.7 %[178],NA,1963
Susanne Ferschl,The Left,Bavaria,NA,NA,@SusanneFerschl,1973
Axel Fischer,CDU,Baden-Württemberg,Karlsruhe-Land,40.4 %[181],@Axel_Fischer,1966
Maria Flachsbarth,CDU,Lower Saxony,NA,NA,NA,1963
Daniel Föst,FDP,Bavaria,NA,NA,@DFoest,1976
Edgar Franke,SPD,Hesse,Schwalm-Eder,37.7 %[185],@FrankeEdgar,1960
Ulrich Freese,SPD,Brandenburg,NA,NA,@UliFreese,1951
Thorsten Frei,CDU,Baden-Württemberg,Schwarzwald-Baar,47.0 %[188],@thorsten_frei,1973
Brigitte Freihold,The Left,Rhineland-Palatinate,NA,NA,NA,1955
Dagmar Freitag,SPD,North Rhine-Westphalia,Märkischer Kreis II,38.6 %[191],@DagmarFreitag13,1953
Otto Fricke,FDP,North Rhine-Westphalia,NA,NA,@Otto_Fricke,1965
Dietmar Friedhoff,AfD,Lower Saxony,NA,NA,NA,1966
Hans-Peter Friedrich,CSU,Bavaria,Hof,47.0 %[195],NA,1957
Anton Friesen,AfD,Thuringia,NA,NA,NA,1985
Michael Frieser,CSU,Bavaria,Nuremberg South,35.6 %[198],@MichaelFrieser,1964
Markus Frohnmaier,AfD,Baden-Württemberg,NA,NA,@Frohnmaier_AfD,1991
Götz Frömming,AfD,Berlin,NA,NA,@GtzFrmming,1968
Hans-Joachim Fuchtel,CDU,Baden-Württemberg,Calw,43.3 %[202],NA,1952
Sylvia Gabelmann,The Left,North Rhine-Westphalia,NA,NA,@SylviaGabelmann,1958
Ingo Gädechens,CDU,Schleswig-Holstein,Ostholstein – Stormarn-Nord,41.5 %[205],@gadechens,1960
Matthias Gastel,Greens,Baden-Württemberg,NA,NA,@MatthiasGastel,1970
Alexander Gauland,AfD,Brandenburg,NA,NA,@AlexGauland,1941
Thomas Gebhart,CDU,Rhineland-Palatinate,Südpfalz,40.3 %[209],@thomasgebhart,1971
Kai Gehring[210],Greens,North Rhine-Westphalia,NA,NA,@KaiGehring,1977
Axel Gehrke,AfD,Schleswig-Holstein,NA,NA,@axelgehrke,1942
Stefan Gelbhaar,Greens,Berlin,NA,NA,@StefanGelbhaar,1976
Michael Gerdes,SPD,North Rhine-Westphalia,Bottrop – Recklinghausen III,36.8 %[214],@GerdesMdB,1960
Alois Gerig,CDU,Baden-Württemberg,Odenwald – Tauber,46.8 %[216],NA,1956
Martin Gerster,SPD,Baden-Württemberg,NA,NA,NA,1971
Eberhard Gienger,CDU,Baden-Württemberg,Neckar-Zaber,40.0 %[219],NA,1951
Albrecht Glaser,AfD,Hesse,NA,NA,NA,1942
Angelika Glöckner,SPD,Rhineland-Palatinate,NA,NA,@A_Gloeckner,1962
Franziska Gminder,AfD,Baden-Württemberg,NA,NA,NA,1945
Eckhard Gnodtke,CDU,Saxony-Anhalt,Altmark,32.6 %[224],NA,1958
Nicole Gohlke,The Left,Bavaria,NA,NA,@NicoleGohlke,1975
Katrin Göring-Eckardt,Greens,Thuringia,NA,NA,@GoeringEckardt,1966
Wilhelm von Gottberg,AfD,Lower Saxony,NA,NA,@vonGottberg_AfD,1940
Kay Gottschalk,AfD,North Rhine-Westphalia,NA,NA,@KayGottschalk1,1965
Timon Gremmels,SPD,Hesse,Kassel,35.5 %[230],@Timon_Gremmels,1976
Kerstin Griese,SPD,North Rhine-Westphalia,NA,NA,@KerstinGriese,1966
Ursula Groden-Kranich,CDU,Rhineland-Palatinate,Mainz,35.7 %[233],NA,1965
Hermann Gröhe,CDU,North Rhine-Westphalia,Neuss I,44.0 %[235],@groehe,1961
Klaus-Dieter Gröhler,CDU,Berlin,Berlin Charlottenburg – Wilmersdorf,30.2 %[237],@kdgroehler,1966
Michael Groß,SPD,North Rhine-Westphalia,Recklinghausen II,41.1 %[239],NA,1956
Michael Grosse-Brömer,CDU,Lower Saxony,Harburg,40.6 %[241],@MGrosseBroemer,1960
Astrid Grotelüschen,CDU,Lower Saxony,Delmenhorst – Wesermarsch – Oldenburg-Land,34.1 %[243],NA,1964
Uli Grötsch,SPD,Bavaria,NA,NA,@UliGroetsch,1975
Markus Grübel,CDU,Baden-Württemberg,Esslingen,40.0 %[246],@GruebelMdb,1959
Manfred Grund,CDU,Thuringia,Eichsfeld – Nordhausen – Kyffhäuserkreis,38.0 %[248],NA,1955
Erhard Grundl,Greens,Bavaria,NA,NA,@Erhard_Grundl,1963
Oliver Grundmann,CDU,Lower Saxony,Stade I – Rotenburg II,44.4 %[251],NA,1971
Monika Grütters,CDU,Berlin,NA,NA,NA,1962
Fritz Güntzler,CDU,Lower Saxony,NA,NA,@FGuentzler,1966
Olav Gutting,CDU,Baden-Württemberg,Bruchsal – Schwetzingen,41.5 %[255],@olavgutting,1970
Gregor Gysi,The Left,Berlin,Berlin Treptow – Köpenick,39.9 %[257],@GregorGysi,1948
Christian Haase,CDU,North Rhine-Westphalia,Höxter – Lippe II,44.3 %[259],NA,1966
Thomas Hacker,FDP,Bavaria,NA,NA,@hacker_fdp,1967
Bettina Hagedorn,SPD,Schleswig-Holstein,NA,NA,NA,1955
Rita Hagl-Kehl,SPD,Bavaria,NA,NA,@RitaHaglKehl,1970
André Hahn,The Left,Saxony,NA,NA,NA,1963
Florian Hahn,CSU,Bavaria,München-Land,43.5 %[265],@hahnflo,1974
Anja Hajduk,The Left,Hamburg,NA,NA,@HajdukBundestag,1963
Metin Hakverdi,SPD,Hamburg,Hamburg-Bergedorf – Harburg [de],34.8 %[268],@MetinHakverdi,1969
Armin-Paul Hampel,AfD,Lower Saxony,NA,NA,@Paul_Hampel_BT,1957
Reginald Hanke,FDP,Thuringia,NA,NA,NA,1956
Heike Hänsel,The Left,Baden-Württemberg,NA,NA,@HeikeHaensel,1966
Mariana Harder-Kühnel,AfD,Hesse,NA,NA,@M_HarderKuehnel,1974
Jürgen Hardt,CDU,North Rhine-Westphalia,Solingen – Remscheid – Wuppertal II,38.2 %[275],@juergenhardt,1963
Sebastian Hartmann,SPD,North Rhine-Westphalia,NA,NA,@sebast_hartmann,1977
Verena Hartmann,Independent (formerly AfD)[278],Saxony,NA,NA,NA,1974
Roland Hartwig,AfD,North Rhine-Westphalia,NA,NA,@R_Hartwig_AfD,1954
Britta Haßelmann,Greens,North Rhine-Westphalia,NA,NA,@BriHasselmann,1961
Matthias Hauer,CDU,North Rhine-Westphalia,Essen III,37.1 %[282],@MatthiasHauer,1977
Jochen Haug,AfD,North Rhine-Westphalia,NA,NA,@Jochen_Haug,1973
Martin Hebner,AfD,Bavaria,NA,NA,NA,1959
Dirk Heidenblut,SPD,North Rhine-Westphalia,Essen II,37.3 %[286],@DHeidenblut,1961
Matthias Heider,CDU,North Rhine-Westphalia,Olpe – Märkischer Kreis I,47.9 %[288],@MatthiasHeider,1966
Peter Heidt,FDP,Hesse,NA,NA,@PeterHeidtFDP,1965
Hubertus Heil,SPD,Lower Saxony,Gifhorn – Peine,37.8 %[291],@hubertus_heil,1972
Mechthild Heil,CDU,Rhineland-Palatinate,Ahrweiler,42.8 %[293],@MechthildHeil,1961
Thomas Heilmann,CDU,Berlin,Berlin Steglitz-Zehlendorf,35.4 %[295],@ThomasHeilmann,1964
Frank Heinrich,CDU,Saxony,Chemnitz,26.6 %[124],@FrankHeinrich,1964
Gabriela Heinrich,SPD,Bavaria,NA,NA,@GaHeinrich,1963
Marcus Held,SPD,Rhineland-Palatinate,NA,NA,@MarcusHeld_SPD,1977
Mark Helfrich,CDU,Schleswig-Holstein,Steinburg – Dithmarschen Süd,41.9 %[300],NA,1978
Katrin Helling-Plahr,FDP,North Rhine-Westphalia,NA,NA,@KatrinHelling,1986
Wolfgang Hellmich,SPD,North Rhine-Westphalia,NA,NA,@HellmichMdB,1958
Udo Hemmelgarn,AfD,North Rhine-Westphalia,NA,NA,@UdoHemmelgarn,1959
Barbara Hendricks,SPD,North Rhine-Westphalia,NA,NA,NA,1952
Rudolf Henke,CDU,North Rhine-Westphalia,Aachen I,33.7 %[305],NA,1954
Michael Hennrich,CDU,Baden-Württemberg,Nürtingen,39.4 %[306],@MichaelHennric2,1965
Marc Henrichmann,CDU,North Rhine-Westphalia,Coesfeld – Steinfurt II,51.6 %[307],@MarcHenrichmann,1976
Markus Herbrand,FDP,North Rhine-Westphalia,NA,NA,@HerbrandMarkus,1971
Torsten Herbst,FDP,Saxony,NA,NA,@torstenherbst,1973
Waldemar Herdt,AfD,Lower Saxony,NA,NA,@WaldemarHerdt,1962
Lars Hermann,Independent (ex AfD),Saxony,NA,NA,NA,1977
Gustav Herzog,SPD,Rhineland-Palatinate,Kaiserslautern,33.9 %[310],@GustavHerzogMdB,1958
Martin Hess,AfD,Baden-Württemberg,NA,NA,@Martin_Hess_AfD,1971
Katja Hessel,FDP,Bavaria,NA,NA,@fdp_hessel,1972
Heiko Heßenkemper,AfD,Saxony,NA,NA,NA,1956
Ansgar Heveling,CDU,North Rhine-Westphalia,Krefeld I – Neuss II,42.4 %[311],NA,1972
Gabriele Hiller-Ohm,SPD,Schleswig-Holstein,NA,NA,NA,1953
Karsten Hilse,AfD,Saxony,Bautzen I,33.2 %[312],@HilseMdb,1964
Christian Hirte,CDU,Thuringia,Eisenach – Wartburgkreis – Unstrut-Hainich-Kreis,34.4 %[313],@ChristianHirte,1976
Heribert Hirte,CDU,North Rhine-Westphalia,Cologne II,34.9 %[314],@HHirte,1958
Thomas Hitschler,SPD,Rhineland-Palatinate,NA,NA,@ThomasHitschler,1982
Nicole Höchst,AfD,Rhineland-Palatinate,NA,NA,@Nicole_Hoechst,1970
Gero Clemens Hocker,FDP,Lower Saxony,NA,NA,NA,1975
Manuel Höferlin,FDP,Rhineland-Palatinate,NA,NA,@ManuelHoeferlin,1973
Alexander Hoffmann,CSU,Bavaria,Main-Spessart,46.6 %[315],@Hoffmann_MdB,1975
Bettina Hoffmann,Greens,Hesse,NA,NA,@bhoffmann_mdb,1960
Christoph Hoffmann,FDP,Baden-Württemberg,NA,NA,@HoffmannForest,1957
Anton Hofreiter,Greens,Bavaria,NA,NA,@ToniHofreiter,1970
Martin Hohmann,AfD,Hesse,NA,NA,NA,1948
Matthias Höhn,The Left,Saxony-Anhalt,NA,NA,@MatthiasHoehn,1975
Bruno Hollnagel,AfD,Schleswig-Holstein,NA,NA,@DrHollnagel,1948
Leif-Erik Holm,AfD,Mecklenburg-Vorpommern,NA,NA,@Leif_Erik_Holm,1970
Karl Holmeier,CSU,Bavaria,Schwandorf,48.5 %[316],NA,1956
Ottmar von Holtz,Greens,Lower Saxony,NA,NA,@OWvonHoltz,1961
Hendrik Hoppenstedt,CDU,Lower Saxony,Hannover-Land I,40.1 %[317],NA,1972
Reinhard Houben,FDP,North Rhine-Westphalia,NA,NA,@HoubenReinhard,1960
Johannes Huber,AfD,Bavaria,NA,NA,@Huber_AfD,1987
Andrej Hunko,The Left,North Rhine-Westphalia,NA,NA,@AndrejHunko,1963
Ulla Ihnen,FDP,Lower Saxony,NA,NA,@ullaihnen,1956
Erich Irlstorfer,CSU,Bavaria,Freising,43.0 %[318],NA,1970
Hans-Jürgen Irmer,CDU,Hesse,Lahn-Dill [de],38.3 %[319],NA,1952
Fabian Jacobi,AfD,North Rhine-Westphalia,NA,NA,@Jacobi_AfD,1973
Dieter Janecek,Greens,Bavaria,NA,NA,@DJanecek,1976
Thomas Jarzombek,CDU,North Rhine-Westphalia,Düsseldorf I,40.4 %[320],@tj_tweets,1973
Ulla Jelpke,The Left,North Rhine-Westphalia,NA,NA,@UllaJelpke,1951
Gyde Jensen,FDP,Schleswig-Holstein,NA,NA,@GydeJ,1989
Marc Jongen,AfD,Baden-Württemberg,NA,NA,@Marc_Jongen,1968
Andreas Jung,CDU,Baden-Württemberg,Konstanz,44.8 %[321],NA,1975
Christian Jung,FDP,Baden-Württemberg,NA,NA,@c_jung77,1977
Ingmar Jung,CDU,Hesse,Wiesbaden,34.3 %[322],@Ingmar_Jung,1978
Frank Junge,SPD,Mecklenburg-Vorpommern,NA,NA,@jungeinberlin,1967
Josip Juratovic,SPD,Baden-Württemberg,NA,NA,@josip_juratovic,1959
Thomas Jurk,SPD,Saxony,NA,NA,NA,1962
Oliver Kaczmarek,SPD,North Rhine-Westphalia,Unna I,38.8 %[323],@KaczmarekOliver,1970
Elisabeth Kaiser,SPD,Thuringia,NA,NA,@Kaiser_SPD,1987
Uwe Kamann,LKR (ex AfD),North Rhine-Westphalia,NA,NA,@uwe_kamann,1958
Kirsten Kappert-Gonther,Greens,Bremen,NA,NA,@KirstenKappert,1966
Ralf Kapschack,SPD,North Rhine-Westphalia,Ennepe-Ruhr-Kreis II,36.7 %[324],@RKapschack,1954
Alois Karl,CSU,Bavaria,Amberg,47.7 %[325],NA,1950
Anja Karliczek,CDU,North Rhine-Westphalia,Steinfurt III,44.8 %[326],@AnjaKarliczek,1971
Torbjörn Kartes,CDU,Rhineland-Palatinate,Ludwigshafen/Frankenthal,32.1 %[327],@TorbjoernKartes,1979
Kerstin Kassner,The Left,Mecklenburg-Vorpommern,NA,NA,NA,1958
Gabriele Katzmarek,SPD,Baden-Württemberg,NA,NA,@GabyKatzmarek,1960
Volker Kauder,CDU,Baden-Württemberg,Rottweil – Tuttlingen,43.0 %[328],NA,1949
Stefan Kaufmann,CDU,Baden-Württemberg,Stuttgart I,32.0 %[329],@StefanKaufmann,1969
Uwe Kekeritz,Greens,Bavaria,NA,NA,@UweKekeritz,1953
Ronja Kemmer,CDU,Baden-Württemberg,Ulm,42.7 %[330],@RonjaKemmer,1989
Achim Kessler,The Left,Hesse,NA,NA,@AchimKessler,1964
Jens Kestner,AfD,Lower Saxony,NA,NA,@KestnerJens,1971
Katja Keul,Greens,Lower Saxony,NA,NA,@KatjaKeul,1969
Stefan Keuter,AfD,North Rhine-Westphalia,NA,NA,@StefanKeuterAfD,1972
Roderich Kiesewetter,CDU,Baden-Württemberg,Aalen – Heidenheim,46.4 %[331],@RKiesewetter,1963
Michael Kießling,CSU,Bavaria,Starnberg – Landsberg,42.1 %[332],@Kiessling_MdB,1973
Sven-Christian Kindler,Greens,Lower Saxony,NA,NA,@sven_kindler,1985
Georg Kippels,CDU,North Rhine-Westphalia,Rhein-Erft-Kreis I,39.2 %[333],NA,1959
Katja Kipping,The Left,Saxony,NA,NA,@katjakipping,1978
Cansel Kiziltepe,SPD,Berlin,NA,NA,@CanselK,1975
Arno Klare,SPD,North Rhine-Westphalia,Mülheim – Essen I,34.9 %[334],NA,1952
Karsten Klein,FDP,Bavaria,NA,NA,@MdBKlein,1977
Volkmar Klein,CDU,North Rhine-Westphalia,Siegen-Wittgenstein,40.1 %[335],@VolkmarKlein,1960
Maria Klein-Schmeink,Greens,North Rhine-Westphalia,NA,NA,@MariaKlSchmeink,1958
Norbert Kleinwächter,AfD,Brandenburg,NA,NA,@NKleinwaechter,1986
Lars Klingbeil,SPD,Lower Saxony,Rotenburg I - Heidekreis,41.2 %[336],@larsklingbeil,1978
Marcel Klinge,FDP,Baden-Württemberg,NA,NA,NA,1980
Daniela Kluckert,FDP,Berlin,NA,NA,@DanielaKluckert,1980
Axel Knoerig,CDU,Lower Saxony,Diepholz – Nienburg I,44.6 %[337],@axel_knoerig,1967
Pascal Kober,FDP,Baden-Württemberg,NA,NA,@PascalKober,1971
Jens Koeppen,CDU,Brandenburg,Uckermark – Barnim I,30.6 %[338],@JensKoeppen,1962
Bärbel Kofler,SPD,Bavaria,NA,NA,@BaerbelKofler,1967
Lukas Köhler,FDP,Bavaria,NA,NA,@koehler_fdp,1986
Daniela Kolbe,SPD,Saxony,NA,NA,@danielakolbe,1980
Enrico Komning,AfD,Mecklenburg-Vorpommern,NA,NA,@EnricoKomning,1968
Jörn König,AfD,Lower Saxony,NA,NA,@JoernKoenigAfD,1967
Carina Konrad,FDP,Rhineland-Palatinate,NA,NA,@carina_konrad,1982
Markus Koob,CDU,Hesse,Hochtaunus [de],39.9 %[339],@KoobMar,1977
Carsten Körber,CDU,Saxony,Zwickau,33.7 %[340],@CarstenKoerber,1979
Elvan Korkmaz,SPD,North Rhine-Westphalia,NA,NA,@KorkmazGT,1985
Jan Korte,The Left,Saxony-Anhalt,NA,NA,@jankortemdb,1977
Steffen Kotré,AfD,Brandenburg,NA,NA,@SteffenKotre,1971
Sylvia Kotting-Uhl,Greens,Baden-Württemberg,NA,NA,NA,1952
Rainer Kraft,AfD,Bavaria,NA,NA,@Dr_Rainer_Kraft,1974
Anette Kramme,SPD,Bavaria,NA,NA,@AnetteKramme,1967
Alexander Krauß,CDU,Saxony,Erzgebirgskreis I,34.7 %[341],NA,1975
Jutta Krellmann,The Left,Lower Saxony,NA,NA,@JuttaKrellmann,1956
Gunther Krichbaum,CDU,Baden-Württemberg,Pforzheim,36.4 %[342],@GuntherKrichba3,1964
Günter Krings,CDU,North Rhine-Westphalia,Mönchengladbach,44.3 %[343],@guenterkrings,1969
Oliver Krischer,Greens,North Rhine-Westphalia,NA,NA,@Oliver_Krischer,1969
Rüdiger Kruse,CDU,Hamburg,NA,NA,@RuedigerKruse,1961
Wolfgang Kubicki,FDP,Schleswig-Holstein,NA,NA,NA,1952
Michael Kuffer,CSU,Bavaria,Munich South,33.0 %[344],@MichaelKuffer,1972
Konstantin Kuhle,FDP,Lower Saxony,NA,NA,@KonstantinKuhle,1989
Christian Kühn,Greens,Baden-Württemberg,NA,NA,@ChrisKuehn_mdb,1979
Stephan Kühn,Greens,Saxony,NA,NA,@stephankuehn,1979
Roy Kühne,CDU,Lower Saxony,Goslar – Northeim – Osterode,39.8 %[345],@Dr_Roy_Kuehne,1967
Alexander Kulitz,FDP,Baden-Württemberg,NA,NA,@AKulitz,1981
Renate Künast,Greens,Berlin,NA,NA,@RenateKuenast,1955
Markus Kurth,Greens,North Rhine-Westphalia,NA,NA,@markuskurthmdb,1966
Christine Lambrecht,SPD,Hesse,NA,NA,NA,1965
Alexander Graf Lambsdorff,FDP,North Rhine-Westphalia,NA,NA,@Lambsdorff,1966
Karl A. Lamers,CDU,Baden-Württemberg,Heidelberg,32.7 %[346],@karllamers,1951
Andreas Lämmel,CDU,Saxony,Dresden I,24.6 %[347],NA,1959
Katharina Landgraf,CDU,Saxony,Leipzig-Land,34.1 %[348],NA,1954
Christian Lange,SPD,Baden-Württemberg,NA,NA,@ChristianLange_,1964
Ulrich Lange,CSU,Bavaria,Donau-Ries,47.0 %[349],@UlrichLange,1969
Silke Launert,CSU,Bavaria,Bayreuth,46.5 %[350],@DrLaunert,1976
Karl Lauterbach,SPD,North Rhine-Westphalia,Leverkusen – Cologne IV,38.7 %[351],@Karl_Lauterbach,1963
Caren Lay,The Left,Saxony,NA,NA,@CarenLay,1972
Monika Lazar,Greens,Saxony,NA,NA,@monikalazar,1967
Ulrich Lechte,FDP,Bavaria,NA,NA,@ulrichlechte,1977
Jens Lehmann,CDU,Saxony,Leipzig I,27.5 %[352],NA,1967
Sven Lehmann,Greens,North Rhine-Westphalia,NA,NA,@svenlehmann,1979
Sylvia Lehmann,SPD,Brandenburg,NA,NA,@LehmannSpd,1954
Paul Lehrieder,CSU,Bavaria,Würzburg,42.2 %[353],NA,1959
Sabine Leidig,The Left,Hesse,NA,NA,@SabineLeidig,1961
Katja Leikert,CDU,Hesse,Hanau,35.3 %[354],@KLeikert,1975
Steffi Lemke,Greens,Saxony-Anhalt,NA,NA,@SteffiLemke,1968
Ralph Lenkert,The Left,Thuringia,NA,NA,NA,1967
Andreas Lenz,CSU,Bavaria,Erding – Ebersberg,48.2 %[355],@DerLenzMdB,1981
Michael Leutert,The Left,Saxony,NA,NA,NA,1974
Antje Lezius,CDU,Rhineland-Palatinate,Kreuznach (electoral district),37.0 %[356],NA,1960
Stefan Liebich,The Left,Berlin,Berlin Pankow,28.8 %[357],@berlinliebich,1972
Helge Lindh,SPD,North Rhine-Westphalia,Wuppertal I,31.5 %[358],@helgelindh,1976
Andrea Lindholz,CSU,Bavaria,Aschaffenburg,48.1 %[359],@AndreaLindholz,1970
Christian Lindner,FDP,North Rhine-Westphalia,NA,NA,@c_lindner,1979
Tobias Lindner,Greens,Rhineland-Palatinate,NA,NA,@tobiaslindner,1982
Michael Georg Link,FDP,Baden-Württemberg,NA,NA,@michael_g_link,1963
Carsten Linnemann,CDU,North Rhine-Westphalia,Paderborn – Gütersloh III,53.3 %[360],NA,1977
Patricia Lips,CDU,Hesse,Odenwald,36.1 %[361],NA,1963
Nikolas Löbel,CDU,Baden-Württemberg,Mannheim,29.3 %[362],NA,1986
Bernhard Loos,CSU,Bavaria,Munich North,32.2 %[363],NA,1955
Gesine Lötzsch,The Left,Berlin,Berlin-Lichtenberg,34.8 %[364],@LoetzschMdB,1961
Rüdiger Lucassen,AfD,North Rhine-Westphalia,NA,NA,@MdB_Lucassen,1951
Jan-Marco Luczak,CDU,Berlin,Berlin Tempelhof – Schöneberg,28.9 %[365],@JM_Luczak,1975
Daniela Ludwig,CSU,Bavaria,Rosenheim,45.9 %[366],@DaniLudwigMdB,1975
Saskia Ludwig,CDU,Brandenburg,NA,NA,@SaskiaLudwigCDU,1975
Kirsten Lühmann,SPD,Lower Saxony,NA,NA,NA,1964
Oliver Luksic,FDP,Saarland,NA,NA,@OlliLuksic,1979
Thomas Lutze,The Left,Saarland,NA,NA,@thlutze,1969
Karin Maag,CDU,Baden-Württemberg,Stuttgart II,33.5 %[367],@MaagKarin,1962
Heiko Maas,SPD,Saarland,NA,NA,@HeikoMaas,1966
Isabel Mackensen-Geis,SPD,Rhineland-Palatinate,NA,NA,@IsabelMackensen,1986
Frank Magnitz,AfD,Bremen,NA,NA,@Frank_Magnitz,1952
Yvonne Magwas,CDU,Saxony,Vogtlandkreis,35.0 %[369],@YvonneMagwas,1979
Jens Maier,AfD,Saxony,NA,NA,NA,1962
Lothar Maier,AfD,Baden-Württemberg,NA,NA,@ProfMaier,1944
Thomas de Maizière,CDU,Saxony,Meißen,36.7 %[370],NA,1954
Birgit Malsack-Winkemann,AfD,Berlin,NA,NA,NA,1964
Gisela Manderla,CDU,North Rhine-Westphalia,NA,NA,@ManderlaGisela,1958
Astrid Mannes,CDU,Hesse,Darmstadt,30.7 %[371],NA,1967
Till Mansmann,FDP,Hesse,NA,NA,@TillMansmann,1968
Caren Marks,SPD,Lower Saxony,NA,NA,NA,1963
Matern von Marschall,CDU,Baden-Württemberg,Freiburg,28.0 %[372],NA,1962
Jürgen Martens,FDP,Saxony,NA,NA,@juergen_martens,1959
Dorothee Martin,SPD,Hamburg,NA,NA,@Doro_Martin,1978
Hans-Georg von der Marwitz,CDU,Brandenburg,Märkisch-Oderland – Barnim II,28.4 %[373],NA,1961
Fabio De Masi,The Left,Hamburg,NA,NA,@FabioDeMasi,1980
Katja Mast,SPD,Baden-Württemberg,NA,NA,@KatjaMast,1971
Christoph Matschie,SPD,Thuringia,NA,NA,@matschie,1961
Andreas Mattfeldt,CDU,Lower Saxony,Osterholz – Verden,39.2 %[374],@AMattfeldt,1969
Hilde Mattheis,SPD,Baden-Württemberg,NA,NA,@HildeMattheis,1954
Stephan Mayer,CSU,Bavaria,Altötting,54.5 %[375],NA,1973
Pascal Meiser,The Left,Berlin,NA,NA,@pascalmeiser,1975
Michael Meister,CDU,Hesse,Bergstraße,38.9 %[376],@meister_schafft,1961
Angela Merkel,CDU,Mecklenburg-Vorpommern,Vorpommern-Rügen – Vorpommern-Greifswald I,44.0 %[377],NA,1954
Jan Metzler,CDU,Rhineland-Palatinate,Worms,41.1 %[378],@JanMetzler,1981
Christoph Meyer,FDP,Berlin,NA,NA,@Meyer_FDP,1975
Corinna Miazga,AfD,Bavaria,NA,NA,@CorinnaMiazga,1983
Hans Michelbach,CSU,Bavaria,Coburg,45.3 %[379],NA,1949
Mathias Middelberg,CDU,Lower Saxony,Stadt Osnabrück,40.3 %[380],NA,1964
Matthias Miersch,SPD,Lower Saxony,Hannover-Land II,37.0 %[381],NA,1968
Mario Mieruch,LKR (ex AfD),North Rhine-Westphalia,NA,NA,@MieruchMario,1975
Irene Mihalic,Greens,North Rhine-Westphalia,NA,NA,@IreneMihalic,1976
Klaus Mindrup,SPD,Berlin,NA,NA,@KlausMindrup,1964
Susanne Mittag,SPD,Lower Saxony,NA,NA,NA,1958
Amira Mohamed Ali,The Left,Lower Saxony,NA,NA,@Amira_M_Ali,1980
Cornelia Möhring,The Left,Schleswig-Holstein,NA,NA,@Conni_Moehring,1960
Falko Mohrs,SPD,Lower Saxony,Helmstedt – Wolfsburg,38.0 %[382],@FalkoMohrs,1984
Claudia Moll,SPD,North Rhine-Westphalia,Aachen II,36.9 %[383],@ClaudiaMollMdB,1968
Siemtje Möller,SPD,Lower Saxony,Friesland – Wilhelmshaven – Wittmund,39.7 %[384],@SiemtjeMdB,1983
Dietrich Monstadt,CDU,Mecklenburg-Vorpommern,Schwerin – Ludwigslust-Parchim I – Nordwestmecklenburg I,32.1 %[385],@MdBMonstadt,1957
Karsten Möring,CDU,North Rhine-Westphalia,Cologne I,31.6 %[386],@KarstenMoering,1949
Elisabeth Motschmann,CDU,Bremen,NA,NA,@ElisabethMotsc1,1952
Niema Movassat,The Left,North Rhine-Westphalia,NA,NA,@NiemaMovassat,1984
Andreas Mrosek,AfD,Saxony-Anhalt,NA,NA,@mrosek1958,1958
Alexander Müller,FDP,Hesse,NA,NA,@alexmuellerfdp,1969
Axel Müller,CDU,Baden-Württemberg,Ravensburg,38.5 %[387],NA,1963
Bettina Müller,SPD,Hesse,NA,NA,@BetMueller,1959
Carsten Müller,CDU,Lower Saxony,NA,NA,@MdbMuller,1970
Claudia Müller,Greens,Mecklenburg-Vorpommern,NA,NA,@GruenClaudia,1981
Detlef Müller,SPD,Saxony,NA,NA,@MuellerChemnitz,1964
Gerd Müller,CSU,Bavaria,Oberallgäu,50.4 %[388],NA,1955
Hansjörg Müller,AfD,Bavaria,NA,NA,@Mueller_AfD_MdB,1968
Norbert Müller,The Left,Brandenburg,NA,NA,@NorbertMuellerP,1986
Sepp Müller,CDU,Saxony-Anhalt,Dessau – Wittenberg,35.2 %[389],@mueller_sepp,1989
Stefan Müller,CSU,Bavaria,Erlangen,42.7 %[390],@smuellermdb,1975
Roman Müller-Böhm,FDP,North Rhine-Westphalia,NA,NA,@muellerboehm,1992
Beate Müller-Gemmeke,Greens,Baden-Württemberg,NA,NA,@GrueneBeate,1960
Frank Müller-Rosentritt,FDP,Saxony,NA,NA,@theliberalfrank,1982
Michelle Müntefering,SPD,North Rhine-Westphalia,Herne – Bochum II,41.8 %[391],@Mi_Muentefering,1980
Volker Münz,AfD,Baden-Württemberg,NA,NA,NA,1964
Sebastian Münzenmaier,AfD,Rhineland-Palatinate,NA,NA,@S_Muenzenmaier,1989
Rolf Mützenich,SPD,North Rhine-Westphalia,Cologne III,32.3 %[392],NA,1959
Zaklin Nastic,The Left,Hamburg,NA,NA,@ZaklinNastic,1980
Ingrid Nestle,Greens,Schleswig-Holstein,NA,NA,@Ingrid_Nestle,1977
Alexander Neu,The Left,North Rhine-Westphalia,NA,NA,@AlexanderSNeu,1969
Christoph Neumann,AfD,Saxony,NA,NA,NA,1964
Martin Neumann,FDP,Brandenburg,NA,NA,@_MartinNeumann,1956
Andreas Nick,CDU,Rhineland-Palatinate,Montabaur,43.3 %[393],@DrAndreasNick,1967
Petra Nicolaisen,CDU,Schleswig-Holstein,Flensburg – Schleswig,40.0 %[394],NA,1965
Dietmar Nietan,SPD,North Rhine-Westphalia,NA,NA,@DietmarNietan,1964
Ulli Nissen,SPD,Hesse,NA,NA,@UlliNissen,1959
Matthias Nölke,FDP,Hesse,NA,NA,@Matthiasnoelke,1980
Michaela Noll,CDU,North Rhine-Westphalia,Mettmann I,44.6 %[395],NA,1959
Jan Nolte,AfD,Hesse,NA,NA,@Jan_Nolte_AfD,1988
Thomas Nord,The Left,Brandenburg,NA,NA,NA,1957
Kristina Nordt,CDU,Thuringia,NA,NA,@KristinaNordt,1982
Konstantin von Notz,Greens,Schleswig-Holstein,NA,NA,@KonstantinNotz,1971
Omid Nouripour,Greens,Hesse,NA,NA,@nouripour,1975
Georg Nüßlein,CSU,Bavaria,Neu-Ulm,44.6 %[396],NA,1969
Ulrich Oehme,AfD,Saxony,NA,NA,@Ulrich_Oehme,1960
Wilfried Oellers,CDU,North Rhine-Westphalia,Heinsberg,45.6 %[397],@WilfriedOellers,1975
Thomas Oppermann,SPD,Lower Saxony,Göttingen,34.9 %[398],@ThomasOppermann,1954
Josephine Ortleb,SPD,Saarland,Saarbrücken,32.1 %[399],@josephineortleb,1986
Florian Oßner,CSU,Bavaria,Landshut,39.6 %[400],@Florian_Ossner,1980
Friedrich Ostendorff,Greens,North Rhine-Westphalia,NA,NA,NA,1953
Josef Oster,CDU,Rhineland-Palatinate,Koblenz,41.3 %[401],@josefoster,1971
Henning Otte,CDU,Lower Saxony,Celle – Uelzen,42.7 %[402],@vtdgsprecher,1968
Gerold Otten,AfD,Bavaria,NA,NA,@Gerold_Otten,1955
Cem Özdemir,Greens,Baden-Württemberg,NA,NA,@cem_oezdemir,1965
Mahmut Özdemir,SPD,North Rhine-Westphalia,Duisburg II,34.7 %[403],@oezdemir_spd,1987
Aydan Özoğuz,SPD,Hamburg,Hamburg-Wandsbek,34.6 %[404],@oezoguz,1967
Ingrid Pahlmann,CDU,Lower Saxony,NA,NA,NA,1957
Sylvia Pantel,CDU,North Rhine-Westphalia,Düsseldorf II,33.8 %[405],@SylviaPantel,1961
Markus Paschke,SPD,Lower Saxony,NA,NA,@MarkusPaschke,1974
Frank Pasemann,AfD,Saxony-Anhalt,NA,NA,@Frank_Pasemann,1960
Martin Patzelt,CDU,Brandenburg,Frankfurt (Oder) – Oder-Spree,27.1 %[407],@MPatzeltCDU,1947
Petra Pau,The Left,Berlin,Berlin Marzahn – Hellersdorf,34.2 %[408],@PetraPauMaHe,1963
Lisa Paus,Greens,Berlin,NA,NA,@lisapaus,1968
Sören Pellmann,The Left,Saxony,Leipzig II,25.3 %[409],@LINKEPELLI,1977
Victor Perli,The Left,Lower Saxony,NA,NA,@victorperli,1982
Tobias Peterka,AfD,Bavaria,NA,NA,@TobiasMPeterka,1982
Christian Petry,SPD,Saarland,NA,NA,@CPetryMdB,1965
Frauke Petry,Independent (ex AfD),Saxony,Sächsische Schweiz – Osterzgebirge,37.4 %[410],@FraukePetry,1975
Joachim Pfeiffer,CDU,Baden-Württemberg,Waiblingen,36.8 %[411],NA,1967
Tobias Pflüger,The Left,Baden-Württemberg,NA,NA,@tpflueger,1965
Detlev Pilger,SPD,Rhineland-Palatinate,NA,NA,NA,1955
Stephan Pilsinger,CSU,Bavaria,München-West/Mitte,33.3 %[412],@StephPilsinger,1987
Christoph Ploß,CDU,Hamburg,Hamburg-Nord,33.5 %[413],@christophploss,1985
Paul Podolay,AfD,Bavaria,NA,NA,@Paul_Podolay,1946
Jürgen Pohl,AfD,Thuringia,NA,NA,@Pohl_MdB,1964
Filiz Polat,Greens,Lower Saxony,NA,NA,@filizgreen,1978
Eckhard Pols,CDU,Lower Saxony,Lüchow-Dannenberg – Lüneburg,33.5 %[414],NA,1962
Sabine Poschmann,SPD,North Rhine-Westphalia,Dortmund II,38.8 %[415],@SabinePoschmann,1968
Achim Post,SPD,North Rhine-Westphalia,Minden-Lübbecke I,37.4 %[416],@Achim_P,1959
Florian Post,SPD,Bavaria,NA,NA,@FlorianPost,1981
Florian Pronold,SPD,Bavaria,NA,NA,@FlorianPronold,1972
Stephan Protschka,AfD,Bavaria,NA,NA,@AfDProtschka,1977
Sascha Raabe,SPD,Hesse,NA,NA,NA,1968
Martin Rabanus,SPD,Hesse,NA,NA,@MartinRabanus,1971
Thomas Rachel,CDU,North Rhine-Westphalia,Düren,41.9 %[417],NA,1962
Kerstin Radomski,CDU,North Rhine-Westphalia,Krefeld II – Wesel II,37.0 %[418],NA,1974
Alexander Radwan,CSU,Bavaria,Bad Tölz-Wolfratshausen – Miesbach,47.6 %[419],@AlexanderRadwan,1964
Alois Rainer,CSU,Bavaria,Straubing,47.6 %[420],@AloisRainer,1965
Peter Ramsauer,CSU,Bavaria,Traunstein,50.3 %[421],NA,1954
Mechthild Rawert,SPD,Berlin,NA,NA,@MechthildRawert,1957
Eckhardt Rehberg,CDU,Mecklenburg-Vorpommern,Mecklenburgische Seenplatte II – Landkreis Rostock III,37.6 %[422],NA,1954
Martin Reichardt,AfD,Saxony-Anhalt,NA,NA,@M_Reichardt_AfD,1969
Hagen Reinhold,FDP,Mecklenburg-Vorpommern,NA,NA,@reinholdmdb,1978
Ingrid Remmers,The Left,North Rhine-Westphalia,NA,NA,NA,1965
Martin Renner,AfD,North Rhine-Westphalia,NA,NA,@Renner_AfD,1954
Martina Renner,The Left,Thuringia,NA,NA,@MartinaRenner,1967
Roman Reusch,AfD,Brandenburg,NA,NA,NA,1954
Bernd Reuther,FDP,North Rhine-Westphalia,NA,NA,@reuther_bernd,1971
Daniela De Ridder,SPD,Lower Saxony,NA,NA,@DeRidder_MdB,1962
Lothar Riebsamen,CDU,Baden-Württemberg,Bodensee,41.4 %[423],NA,1957
Josef Rief,CDU,Baden-Württemberg,Biberach,44.5 %[424],NA,1960
Bernd Riexinger,The Left,Baden-Württemberg,NA,NA,@b_riexinger,1955
Andreas Rimkus,SPD,North Rhine-Westphalia,NA,NA,@Andreas_Rimkus,1962
Sönke Rix,SPD,Schleswig-Holstein,NA,NA,@SoenkeRix,1975
Dennis Rohde,SPD,Lower Saxony,Oldenburg – Ammerland,36.3 %[425],@DennisRohde,1986
Johannes Röring,CDU,North Rhine-Westphalia,Borken II,52.3 %[426],NA,1959
Martin Rosemann,SPD,Baden-Württemberg,NA,NA,@MartinRosemann,1976
René Röspel,SPD,North Rhine-Westphalia,Hagen – Ennepe-Ruhr-Kreis I,39.2 %[427],NA,1964
Ernst Dieter Rossmann,SPD,Schleswig-Holstein,NA,NA,@edrossmann,1951
Tabea Rößner,Greens,Rhineland-Palatinate,NA,NA,@TabeaRoessner,1966
Claudia Roth,Greens,Bavaria,NA,NA,NA,1955
Michael Roth,SPD,Hesse,Werra-Meißner – Hersfeld-Rotenburg,41.2 %[428],@MiRo_SPD,1970
Norbert Röttgen,CDU,North Rhine-Westphalia,Rhein-Sieg-Kreis II,46.5 %[429],@n_roettgen,1965
Manuela Rottmann,Greens,Bavaria,NA,NA,@ManuelaRottman,1972
Stefan Rouenhoff,CDU,North Rhine-Westphalia,Kleve,45.0 %[430],@StefanRouenhoff,1978
Erwin Rüddel,CDU,Rhineland-Palatinate,Neuwied,43.2 %[431],@Erwin_Rueddel,1955
Corinna Rüffer,Greens,Rhineland-Palatinate,NA,NA,@crueffer,1975
Albert Rupprecht,CSU,Bavaria,Weiden,46.3 %[432],NA,1968
Susann Rüthrich,SPD,Saxony,NA,NA,@SusannRuethrich,1977
Bernd Rützel,SPD,Bavaria,NA,NA,@ruetzelbernd,1968
Sarah Ryglewski,SPD,Bremen,Bremen I,30.0 %[433],@RyglewskiS,1983
Johann Saathoff,SPD,Lower Saxony,Aurich – Emden,49.6 %[434],@Johann_Saathoff,1967
Manuel Sarrazin,Greens,Hamburg,NA,NA,@ManuelSarrazin,1982
Thomas Sattelberger,FDP,Bavaria,NA,NA,@th_sattelberger,1949
Stefan Sauer,CDU,Hesse,Groß-Gerau,35.1 %[435],NA,1966
Christian Sauter,FDP,North Rhine-Westphalia,NA,NA,@Chr_Sauter,1980
Anita Schäfer,CDU,Rhineland-Palatinate,Pirmasens,36.8 %[436],@SchaeferCDU,1951
Axel Schäfer,SPD,North Rhine-Westphalia,Bochum I,37.2 %[437],NA,1952
Frank Schäffler,FDP,North Rhine-Westphalia,NA,NA,@f_schaeffler,1968
Wolfgang Schäuble,CDU,Baden-Württemberg,Offenburg,48.1 %[438],@Wolf_Schauble,1942
Ulle Schauws,Greens,North Rhine-Westphalia,NA,NA,@ulle_schauws,1966
Nina Scheer,SPD,Schleswig-Holstein,NA,NA,@NinaScheer_SPD,1971
Andreas Scheuer,CSU,Bavaria,Passau,47.5 %[439],@andreasscheuer,1974
Marianne Schieder,SPD,Bavaria,NA,NA,@m_schieder,1962
Udo Schiefner,SPD,North Rhine-Westphalia,NA,NA,@UdoSchiefner,1959
Ulrike Schielke-Ziesing,AfD,Mecklenburg-Vorpommern,NA,NA,@ulschzi,1969
Jana Schimke,CDU,Brandenburg,Dahme-Spreewald – Teltow-Fläming III – Oberspreewald-Lausitz I,30.7 %[440],@JanaSchimke,1979
Wieland Schinnenburg,FDP,Hamburg,NA,NA,@WSchinnenburg,1958
Tankred Schipanski,CDU,Thuringia,Gotha – Ilm-Kreis,29.0 %[441],@TSchipanski,1976
Robby Schlund,AfD,Thuringia,NA,NA,@DrRobbySchlund,1967
Nils Schmid,SPD,Baden-Württemberg,NA,NA,@NilsSchmid,1973
Christian Schmidt,CSU,Bavaria,Fürth,39.9 %[442],NA,1957
Dagmar Schmidt,SPD,Hesse,NA,NA,@dieschmidt,1973
Frithjof Schmidt,Greens,North Rhine-Westphalia,NA,NA,NA,1953
Stefan Schmidt,Greens,Bavaria,NA,NA,@Schmidt_MdB,1981
Ulla Schmidt,SPD,North Rhine-Westphalia,NA,NA,NA,1949
Uwe Schmidt,SPD,Bremen,Bremen II – Bremerhaven,34.0 %[443],NA,1966
Claudia Schmidtke,CDU,Schleswig-Holstein,Lübeck,35.3 %[444],@prof_schmidtke,1966
Carsten Schneider,SPD,Thuringia,NA,NA,@schneidercar,1976
Jörg Schneider,AfD,North Rhine-Westphalia,NA,NA,@Schneider_AfD,1964
Charlotte Schneidewind-Hartnagel,Greens,Baden-Württemberg,NA,NA,@charlotte_mdb,1953
Patrick Schnieder,CDU,Rhineland-Palatinate,Bitburg,51.2 %[445],@PSchnieder,1968
Nadine Schön,CDU,Saarland,St. Wendel (electoral district),41.8 %[446],@NadineSchoen,1983
Johannes Schraps,SPD,Lower Saxony,Hameln-Pyrmont – Holzminden,39.1 %[447],@jschraps,1983
Eva Schreiber,The Left,Bavaria,NA,NA,@MdB_Schreiber,1958
Felix Schreiner,CDU,Baden-Württemberg,Waldshut,41.9 %[448],@felixschreiner,1986
Michael Schrodi,SPD,Bavaria,NA,NA,@mischrodi,1977
Ursula Schulte,SPD,North Rhine-Westphalia,NA,NA,NA,1952
Martin Schulz,SPD,North Rhine-Westphalia,NA,NA,@MartinSchulz,1955
Swen Schulz,SPD,Berlin,Berlin Spandau – Charlottenburg North,32.1 %[449],NA,1968
Uwe Schulz,AfD,Hesse,NA,NA,@Uwe_Schulz_AfD,1961
Kordula Schulz-Asche,Greens,Hesse,NA,NA,@K_SA,1956
Klaus-Peter Schulze,CDU,Brandenburg,Cottbus – Spree-Neiße,28.4 %[450],NA,1954
Uwe Schummer,CDU,North Rhine-Westphalia,Viersen,47.9 %[451],NA,1957
Armin Schuster,CDU,Baden-Württemberg,Lörrach – Müllheim,39.4 %[452],@armin_schuster,1961
Frank Schwabe,SPD,North Rhine-Westphalia,Recklinghausen I,38.7 %[453],@FrankSchwabe,1970
Stefan Schwartze,SPD,North Rhine-Westphalia,Herford – Minden-Lübbecke II,36.7 %[454],@s_schwartze,1974
Andreas Schwarz,SPD,Bavaria,NA,NA,@Schwarz_MdB,1965
Rita Schwarzelühr-Sutter,SPD,Baden-Württemberg,NA,NA,@rischwasu,1962
Torsten Schweiger,CDU,Saxony-Anhalt,Mansfeld,31.0 %[455],@cdu_schweiger,1968
Matthias Seestern-Pauly,FDP,Lower Saxony,NA,NA,@mseesternpauly,1984
Detlef Seif,CDU,North Rhine-Westphalia,Euskirchen – Rhein-Erft-Kreis II,42.8 %[456],NA,1982
Thomas Seitz,AfD,Baden-Württemberg,NA,NA,@Th_Seitz_AfD,1967
Johannes Selle,CDU,Thuringia,Jena – Sömmerda – Weimarer Land I,29.2 %[457],NA,1956
Reinhold Sendker,CDU,North Rhine-Westphalia,Warendorf,46.4 %[458],NA,1952
Patrick Sensburg,CDU,North Rhine-Westphalia,Hochsauerlandkreis,48.0 %[459],@PatrickSensburg,1971
Martin Sichert,AfD,Bavaria,NA,NA,@Martin_Sichert,1980
Bernd Siebert,CDU,Hesse,NA,NA,@BerndSiebert,1949
Thomas Silberhorn,CSU,Bavaria,Bamberg,42.1 %[460],@SilberhornMdB,1968
Björn Simon,CDU,Hesse,Offenbach,36.4 %[461],@BjoernSimon,1981
Frank Sitta,FDP,Saxony-Anhalt,NA,NA,@franksitta,1978
Petra Sitte,The Left,Saxony-Anhalt,NA,NA,@Petra_Sitte_MdB,1960
Judith Skudelny,FDP,Baden-Württemberg,NA,NA,@JudithSkudelny,1975
Hermann Otto Solms,FDP,Hesse,NA,NA,@solms,1940
Evrim Sommer,The Left,Berlin,NA,NA,@HESommer,1971
Tino Sorge,CDU,Saxony-Anhalt,Magdeburg,27.4 %[462],@TinoSorge,1975
Jens Spahn,CDU,North Rhine-Westphalia,Steinfurt I – Borken I,51.3 %[463],@jensspahn,1980
Detlev Spangenberg,AfD,Saxony,NA,NA,NA,1944
Dirk Spaniel,AfD,Baden-Württemberg,NA,NA,@DirkSpaniel,1971
Rainer Spiering,SPD,Lower Saxony,NA,NA,@rainerspiering,1956
René Springer,AfD,Brandenburg,NA,NA,@Rene_Springer,1979
Svenja Stadler,SPD,Lower Saxony,NA,NA,@stadler_svenja,1976
Katrin Staffler,CSU,Bavaria,Fürstenfeldbruck,43.6 %[464],@katrin_staffler,1981
Martina Stamm-Fibich,SPD,Bavaria,NA,NA,@stamm_fibich,1965
Bettina Stark-Watzinger,FDP,Hesse,NA,NA,@starkwatzinger,1968
Frank Steffel,CDU,Berlin,Berlin-Reinickendorf,36.8 %[465],@franksteffel,1966
Sonja Steffen,SPD,Mecklenburg-Vorpommern,NA,NA,@SteffenSonja,1963
Wolfgang Stefinger,CSU,Bavaria,Munich East,36.8 %[466],@StefingerMdB,1985
Albert Stegemann,CDU,Lower Saxony,Mittelems,53.6 %[467],@StegemannAlbert,1976
Andreas Steier,CDU,Rhineland-Palatinate,Trier,37.9 %[468],@AndreasSteier,1972
Mathias Stein,SPD,Schleswig-Holstein,Kiel,31.0 %[469],@stonie_kiel,1970
Peter Stein,CDU,Mecklenburg-Vorpommern,Rostock – Landkreis Rostock II,29.5 %[470],@Peter_Stein_CDU,1968
Sebastian Steineke,CDU,Brandenburg,Prignitz – Ostprignitz-Ruppin – Havelland I,30.8 %[471],@SteinekeCDU,1973
Johannes Steiniger,CDU,Rhineland-Palatinate,Neustadt – Speyer,40.0 %[472],@JoSteiniger,1987
Kersten Steinke,The Left,Thuringia,NA,NA,NA,1958
Christian von Stetten,CDU,Baden-Württemberg,Schwäbisch Hall – Hohenlohe,40.5 %[473],@CvStetten,1970
Dieter Stier,CDU,Saxony-Anhalt,Burgenland – Saalekreis,33.6[474] %,NA,1964
Beatrix von Storch,AfD,Berlin,NA,NA,@Beatrix_vStorch,1971
Gero Storjohann,CDU,Schleswig-Holstein,Segeberg – Stormarn-Mitte,41.1 %[475],@gero_storjohann,1958
Stephan Stracke,CSU,Bavaria,Ostallgäu,49.2 %[476],NA,1974
Marie-Agnes Strack-Zimmermann,FDP,North Rhine-Westphalia,NA,NA,@MAStrackZi,1958
Friedrich Straetmanns,The Left,North Rhine-Westphalia,NA,NA,@FrStraetmanns,1961
Benjamin Strasser,FDP,Baden-Württemberg,NA,NA,@bstrasser,1987
Max Straubinger,CSU,Bavaria,Rottal-Inn,45.0 %[477],NA,1954
Wolfgang Strengmann-Kuhn,Greens,Hesse,NA,NA,@W_SK,1964
Karin Strenz,CDU,Mecklenburg-Vorpommern,Ludwigslust-Parchim II – Nordwestmecklenburg II – Landkreis Rostock I,30.0 %[478],NA,1967
Margit Stumpp,Greens,Baden-Württemberg,NA,NA,@margit_stumpp,1963
Katja Suding,FDP,Hamburg,NA,NA,@KatjaSuding,1975
Kerstin Tack,SPD,Lower Saxony,Stadt Hannover I,35.6 %[479],NA,1968
Kirsten Tackmann,The Left,Brandenburg,NA,NA,@KirstenTackmann,1960
Jessica Tatti,The Left,Baden-Württemberg,NA,NA,@jessica_tatti,1981
Peter Tauber,CDU,Hesse,Main-Kinzig – Wetterau II – Schotten,36.4 %[480],@petertauber,1974
Claudia Tausend,SPD,Bavaria,NA,NA,NA,1964
Hermann-Josef Tebroke,CDU,North Rhine-Westphalia,Rheinisch-Bergischer Kreis,40.0 %[481],NA,1964
Linda Teuteberg,FDP,Brandenburg,NA,NA,@LindaTeuteberg,1981
Michael Theurer,FDP,Baden-Württemberg,NA,NA,@EUTheurer,1967
Michael Thews,SPD,North Rhine-Westphalia,Hamm – Unna II,36.4 %[482],@michael_thews,1964
Hans-Jürgen Thies,CDU,North Rhine-Westphalia,Soest,42.7 %[483],NA,1955
Stephan Thomae,FDP,Bavaria,NA,NA,@StephanThomae,1968
Alexander Throm,CDU,Baden-Württemberg,Heilbronn,35.3 %[484],@alexander_throm,1968
Dietlind Tiemann,CDU,Brandenburg,Brandenburg an der Havel – Potsdam-Mittelmark I – Havelland III – Teltow-Fläming I,31.8 %[485],@dr_tiemann,1955
Antje Tillmann,CDU,Thuringia,Erfurt – Weimar – Weimarer Land II,27.3 %[486],@AntjeTillmann,1964
Manfred Todtenhausen,FDP,North Rhine-Westphalia,NA,NA,@MTodtenhausen,1950
Florian Toncar,FDP,Baden-Württemberg,NA,NA,@florian_toncar,1979
Markus Töns,SPD,North Rhine-Westphalia,Gelsenkirchen,38.3 %[487],@Toens_NRW04,1964
Carsten Träger,SPD,Bavaria,NA,NA,@CarstenTraeger,1973
Markus Tressel,Greens,Saarland,NA,NA,@MarkusTressel,1977
Jürgen Trittin,Greens,Lower Saxony,NA,NA,@JTrittin,1954
Markus Uhl],CDU,Saarland,Homburg,33.6 %[488],@uhl_markus,1979
Andrew Ullmann,FDP,Bavaria,NA,NA,@UllmannMdB,1963
Gerald Ullrich,FDP,Thuringia,NA,NA,@G_UllrichFDP,1962
Volker Ullrich,CSU,Bavaria,Augsburg-Stadt,34.8 %[489],@VolkerUllrich,1975
Alexander Ulrich,The Left,Rhineland-Palatinate,NA,NA,NA,1971
Arnold Vaatz,CDU,Saxony,Dresden II – Bautzen II,25.5 %[490],NA,1955
Julia Verlinden,Greens,Lower Saxony,NA,NA,@julia_verlinden,1979
Kerstin Vieregge,CDU,North Rhine-Westphalia,Lippe I,36.6 %[491],NA,1976
Johannes Vogel,FDP,North Rhine-Westphalia,NA,NA,@johannesvogel,1982
Volkmar Vogel,CDU,Thuringia,Gera – Greiz – Altenburger Land,30.4 %[492],NA,1959
Kathrin Vogler,The Left,North Rhine-Westphalia,NA,NA,@voglerk,1963
Ute Vogt,SPD,Baden-Württemberg,NA,NA,@UteVogt,1964
Marja-Liisa Völlers,SPD,Lower Saxony,NA,NA,@MarjaVoellers,1984
Dirk Vöpel,SPD,North Rhine-Westphalia,Oberhausen – Wesel III,38.5 %[493],@VoepelDirk,1971
Christoph de Vries,CDU,Hamburg,NA,NA,@VriesChristoph,1974
Kees de Vries,CDU,Saxony-Anhalt,Anhalt,31.6 %[494],@KEESdeVriesCDU,1955
Johann Wadephul,CDU,Schleswig-Holstein,Rendsburg-Eckernförde,42.7 %[495],@JoWadephul,1963
Sahra Wagenknecht,The Left,North Rhine-Westphalia,NA,NA,@SWagenknecht,1969
Andreas Wagner (politician),The Left,Bavaria,NA,NA,@Andi_Wagner,1972
Daniela Wagner,Greens,Hesse,NA,NA,@DanyWagner_DA,1957
Beate Walter-Rosenheimer,Greens,Bavaria,NA,NA,@BeateWaRo,1964
Marco Wanderwitz,CDU,Saxony,Chemnitzer Umland – Erzgebirgskreis II,35.1 %[496],@wanderwitz,1975
Nina Warken,CDU,Baden-Württemberg,NA,NA,@ninawarken,1979
Gabi Weber,SPD,Rhineland-Palatinate,NA,NA,NA,1955
Sandra Weeser,FDP,Rhineland-Palatinate,NA,NA,@sandra_weeser,1969
Kai Wegner,CDU,Berlin,NA,NA,@kaiwegner,1972
Alice Weidel,AfD,Baden-Württemberg,NA,NA,@Alice_Weidel,1979
Albert Weiler,CDU,Thuringia,Saalfeld-Rudolstadt – Saale-Holzland-Kreis – Saale-Orla-Kreis,30.9 %[497],NA,1965
Harald Weinberg,The Left,Bavaria,NA,NA,@HaraldWeinberg,1957
Marcus Weinberg,CDU,Hamburg,NA,NA,@MarcusWeinberg,1967
Joe Weingarten,SPD,Rhineland-Palatinate,NA,NA,@DrJoeWeingarten,1962
Anja Weisgerber,CSU,Bavaria,Schweinfurt,47.9 %[498],@anjaweisgerber,1976
Peter Weiß,CDU,Baden-Württemberg,Emmendingen – Lahr,37.6 %[499],@PeterWeissMdB,1956
Sabine Weiss,CDU,North Rhine-Westphalia,Wesel I,39.0 %[500],NA,1958
Ingo Wellenreuther,CDU,Baden-Württemberg,Karlsruhe-Stadt,28.5 %[501],NA,1959
Marian Wendt,CDU,Saxony,Nordsachsen,32.8 %[502],@marianwendt,1985
Katrin Werner,The Left,Rhineland-Palatinate,NA,NA,@Katrin_Werner,1973
Nicole Westig,FDP,North Rhine-Westphalia,NA,NA,@NicoleWestig,1967
Bernd Westphal,SPD,Lower Saxony,Hildesheim,37.2 %[503],@BerndWestphal4,1960
Harald Weyel,AfD,North Rhine-Westphalia,NA,NA,@h_weyel,1959
Kai Whittaker,CDU,Baden-Württemberg,Rastatt,44.1 %[504],@Kai_Whittaker,1985
Annette Widmann-Mauz,CDU,Baden-Württemberg,Tübingen,35.7 %[505],@AWidmannMauz,1966
Wolfgang Wiehle,AfD,Bavaria,NA,NA,@WolfgangWiehle,1964
Dirk Wiese,SPD,North Rhine-Westphalia,NA,NA,@DirkWieseSPD,1983
Bettina Wiesmann,CDU,Hesse,Frankfurt am Main II,32.4 %[506],NA,1966
Heiko Wildberg,AfD,Rhineland-Palatinate,NA,NA,@Heiko_Wildberg,1952
Katharina Willkomm,FDP,North Rhine-Westphalia,NA,NA,@k_willkomm,1987
Klaus-Peter Willsch,CDU,Hesse,Rheingau-Taunus – Limburg,41.8 %[507],NA,1961
Elisabeth Winkelmeier-Becker,CDU,North Rhine-Westphalia,Rhein-Sieg-Kreis I,44.3 %[508],@ElisabethWinke4,1962
Christian Wirth,AfD,Saarland,NA,NA,@ChrWirthMdB,1963
Uwe Witt,AfD,North Rhine-Westphalia,NA,NA,@Witt_Uwe,1959
Oliver Wittke,CDU,North Rhine-Westphalia,NA,NA,NA,1966
Gülistan Yüksel,SPD,North Rhine-Westphalia,NA,NA,NA,1962
Hubertus Zdebel,The Left,North Rhine-Westphalia,NA,NA,@ZdebelHubertus,1954
Tobias Zech,CSU,Bavaria,NA,NA,NA,1981
Emmi Zeulner,CSU,Bavaria,Kulmbach,55.4 %[509],NA,1987
Gerhard Zickenheiner,Greens,Baden-Württemberg,NA,NA,@GZickenheiner,1961
Dagmar Ziegler,SPD,Brandenburg,NA,NA,NA,1960
Paul Ziemiak,CDU,North Rhine-Westphalia,NA,NA,@PaulZiemiak,1985
Stefan Zierke,SPD,Brandenburg,NA,NA,@zierke,1970
Matthias Zimmer,CDU,Hesse,Frankfurt am Main I,30.5 %[510],NA,1961
Jens Zimmermann,SPD,Hesse,NA,NA,@JensZSPD,1981
Pia Zimmermann,The Left,Lower Saxony,NA,NA,NA,1956
Sabine Zimmermann,The Left,Saxony,NA,NA,NA,1960
AfD,AfD,Deutschland,NA,NA,@AfD,NA
SPD,SPD,Deutschland,NA,NA,@spdde,NA
CDU,CDU,Deutschland,NA,NA,@CDU,NA
CSU,CSU,Deutschland,NA,NA,@CSU,NA
Die Linke,The Left,Deutschland,NA,NA,@dieLinke,NA
Die Gruenen,Greens,Deutschland,NA,NA,@Die_Gruenen,NA
AfD Bundestag,AfD,Deutschland,NA,NA,@AfDimBundestag,NA
SPD Bundestag,SPD,Deutschland,NA,NA,@spdbt,NA
Die Gruenen Bundestag,Greens,Deutschland,NA,NA,@GrueneBundestag,NA
Die Linke Bundestag,The Left,Deutschland,NA,NA,@Linksfraktion,NA
FDP,FDP,Deutschland,NA,NA,@fdp,NA
CDU CSU Bundestag,CDU,Deutschland,NA,NA,@cducsubt,NA
FDP Bundestag,FDP,Deutschland,NA,NA,@fdpbt,NA
Olaf Scholz,SPD,Deutschland,NA,NA,@OlafScholz,1958